TEAM,PLAYERS,#,DYNASTY,DYNASTY PPR,SEASONAL,SEASONAL PPR
ARI,,,,,,
,Kyler Murray,1,1000,2000,3000,4000
,Deandre Hopkins,10,1000,2000,3000,4000
,James Conner,6,1000,2000,3000,4000
,Chase Edmonds,2,1000,2000,3000,4000
,Christian Kirk,13,1000,2000,3000,4000
,A.J. Green,18,1000,2000,3000,4000
,Larry Fitzgerald,11,1000,2000,3000,4000
,Andy Isabella,17,1000,2000,3000,4000
,Colt McCoy,12,1000,2000,3000,4000
,KeeSean Johnson,19,1000,2000,3000,4000
,Maxx Williams,87,1000,2000,3000,4000
,Darrell Daniels,81,1000,2000,3000,4000
,Chris Streveler,15,1000,2000,3000,4000
,Jonathan Ward,29,1000,2000,3000,4000
,Eno Benjamin,26,1000,2000,3000,4000
,Cole Mcdonald,0,1000,2000,3000,4000
,Andre Baccellia,82,1000,2000,3000,4000
,JoJo Ward,14,1000,2000,3000,4000
,Tavien Feaster,37,1000,2000,3000,4000
,Rondale Moore,85,1000,2000,3000,4000
,Bernhard Seikovits,43,1000,2000,3000,4000
,Cary Angeline,86,1000,2000,3000,4000
,Bruno Labelle,35,1000,2000,3000,4000
,Khalfani Muhammad,41,1000,2000,3000,4000
,Issac Whitney,84,1000,2000,3000,4000
,Matt Prater,5,1000,2000,3000,4000
,Zane Gonzalez,5,1000,2000,3000,4000
,Arizona,DEF,1000,2000,3000,4000
ATL,,,1000,2000,3000,4000
,Calvin Ridley,18,1000,2000,3000,4000
,Kyle Pitts,8,1000,2000,3000,4000
,Mike Davis,28,1000,2000,3000,4000
,Matt Ryan,2,1000,2000,3000,4000
,Russell Gage,14,1000,2000,3000,4000
,Hayden Hurst,81,1000,2000,3000,4000
,Javian Hawkins,25,1000,2000,3000,4000
,Todd Gurley II,21,1000,2000,3000,4000
,Ito Smith,25,1000,2000,3000,4000
,Qadree Ollison,30,1000,2000,3000,4000
,Lee Smith,85,1000,2000,3000,4000
,John Raine,89,1000,2000,3000,4000
,Ryan Becker,80,1000,2000,3000,4000
,Parker Hesse,46,1000,2000,3000,4000
,Olamide Zaccheaus,17,1000,2000,3000,4000
,Tajae Sharpe,83,1000,2000,3000,4000
,Greg Dortch,16,1000,2000,3000,4000
,Chris Rowland,12,1000,2000,3000,4000
,Frank Darby,88,1000,2000,3000,4000
,Austin Trammell,82,1000,2000,3000,4000
,Jeff Badet,16,1000,2000,3000,4000
,Antonio Nunn,86,1000,2000,3000,4000
,J'Mon Moore,0,1000,2000,3000,4000
,Juwan Green,19,1000,2000,3000,4000
,Caleb Huntley,42,1000,2000,3000,4000
,Younghoe Koo,7,1000,2000,3000,4000
,Elliot Fry,1,1000,2000,3000,4000
,Atlanta,DEF,1000,2000,3000,4000
BAL,,,1000,2000,3000,4000
,J.K. Dobbins,27,1000,2000,3000,4000
,Lamar Jackson,8,1000,2000,3000,4000
,Mark Andrews,89,1000,2000,3000,4000
,Gus Edwards,35,1000,2000,3000,4000
,Marquise Brown,5,1000,2000,3000,4000
,Rashod Bateman,12,1000,2000,3000,4000
,Sammy Watkins,14,1000,2000,3000,4000
,Tylan Wallace,16,1000,2000,3000,4000
,Miles Boykin,80,1000,2000,3000,4000
,Nick Boyle,86,1000,2000,3000,4000
,Eric Tomlinson,85,1000,2000,3000,4000
,Tony Poljan,83,1000,2000,3000,4000
,Josh Oliver,84,1000,2000,3000,4000
,Jake Breeland,88,1000,2000,3000,4000
,Eli Wolf,87,1000,2000,3000,4000
,Donte Sylencieux,82,1000,2000,3000,4000
,Jaylon Moore,10,1000,2000,3000,4000
,Binjimen Victor,81,1000,2000,3000,4000
,Devin Gray,15,1000,2000,3000,4000
,Nate McCrary,18,1000,2000,3000,4000
,Ty'Son Williams,34,1000,2000,3000,4000
,Ben Mason,38,1000,2000,3000,4000
,Deon Cain,17,1000,2000,3000,4000
,Devin Duvernay,13,1000,2000,3000,4000
,Patrick Ricard,42,1000,2000,3000,4000
,Justin Tucker,9,1000,2000,3000,4000
,Jake Verity,15,1000,2000,3000,4000
,Baltimore,DEF,1000,2000,3000,4000
BUF,,,1000,2000,3000,4000
,Stefon Diggs,14,1000,2000,3000,4000
,Josh Allen,17,1000,2000,3000,4000
,Zack Moss,20,1000,2000,3000,4000
,Devin Singletary,26,1000,2000,3000,4000
,Cole Beasley,11,1000,2000,3000,4000
,Emmanuel Sanders,1,1000,2000,3000,4000
,Dawson Knox,88,1000,2000,3000,4000
,Gabriel Davis,13,1000,2000,3000,4000
,Matt Breida,22,1000,2000,3000,4000
,Mitchell Trubisky,10,1000,2000,3000,4000
,Jacob Hollister,80,1000,2000,3000,4000
,Isaiah McKenzie,19,1000,2000,3000,4000
,Tommy Sweeney,89,1000,2000,3000,4000
,Duke Williams,82,1000,2000,3000,4000
,Nate Becker,84,1000,2000,3000,4000
,Quintin Morris,85,1000,2000,3000,4000
,Bug Howard,0,1000,2000,3000,4000
,Lance Lenoir,9,1000,2000,3000,4000
,Tre Walker,8,1000,2000,3000,4000
,Isaiah Hodgins,16,1000,2000,3000,4000
,Marquez Stevenson,5,1000,2000,3000,4000
,Tanner Gentry,87,1000,2000,3000,4000
,Jake Kumerow,15,1000,2000,3000,4000
,Christian Wade,45,1000,2000,3000,4000
,Antonio Williams,28,1000,2000,3000,4000
,Tyler Bass,2,1000,2000,3000,4000
,Buffalo,DEF,1000,2000,3000,4000
CAR,,,1000,2000,3000,4000
,Christian McCaffrey,22,1000,2000,3000,4000
,DJ Moore,2,1000,2000,3000,4000
,Robby Anderson,11,1000,2000,3000,4000
,Sam Darnold,14,1000,2000,3000,4000
,Chuba Hubbard,30,1000,2000,3000,4000
,Terrace Marshall Jr.,88,1000,2000,3000,4000
,Dan Arnold,85,1000,2000,3000,4000
,Ian Thomas,80,1000,2000,3000,4000
,David Moore,83,1000,2000,3000,4000
,Tommy Tremble,82,1000,2000,3000,4000
,Giovanni Ricci,87,1000,2000,3000,4000
,Colin Thompson,86,1000,2000,3000,4000
,Rodney Smith,20,1000,2000,3000,4000
,Stephen Sullivan,84,1000,2000,3000,4000
,Marken Michel,19,1000,2000,3000,4000
,Shi Smith,12,1000,2000,3000,4000
,C.J. Saunders,15,1000,2000,3000,4000
,Krishawn Hogan,0,1000,2000,3000,4000
,Keith Kirkwood,18,1000,2000,3000,4000
,Ishmael Hyman,13,1000,2000,3000,4000
,Micah Simon,81,1000,2000,3000,4000
,Omar Bayless,17,1000,2000,3000,4000
,Mason Stokke,40,1000,2000,3000,4000
,Darius Clark,41,1000,2000,3000,4000
,Spencer Brown,33,1000,2000,3000,4000
,Joey Slye,4,1000,2000,3000,4000
,Carolina,DEF,1000,2000,3000,4000
CHI,,,1000,2000,3000,4000
,Allen Robinson II,12,1000,2000,3000,4000
,David Montgomery,32,1000,2000,3000,4000
,Tarik Cohen,29,1000,2000,3000,4000
,Darnell Mooney,11,1000,2000,3000,4000
,Cole Kmet,85,1000,2000,3000,4000
,Justin Fields,1,1000,2000,3000,4000
,Damien Williams,8,1000,2000,3000,4000
,Jimmy Graham,80,1000,2000,3000,4000
,Andy Dalton,14,1000,2000,3000,4000
,Damiere Byrd,10,1000,2000,3000,4000
,Jesper Horsted,87,1000,2000,3000,4000
,Scooter Harrington,49,1000,2000,3000,4000
,Darion Clark,44,1000,2000,3000,4000
,Patrick Scales,48,1000,2000,3000,4000
,Jesse James,0,1000,2000,3000,4000
,Marquise Goodwin,84,1000,2000,3000,4000
,Khalil McClain,86,1000,2000,3000,4000
,Thomas Ives,19,1000,2000,3000,4000
,Rodney Adams,13,1000,2000,3000,4000
,Jester Weah,82,1000,2000,3000,4000
,Riley Ridley,88,1000,2000,3000,4000
,Dazz Newsome,83,1000,2000,3000,4000
,Jon'Vea Johnson,0,1000,2000,3000,4000
,Nick Foles,9,1000,2000,3000,4000
,Justin Hardy,0,1000,2000,3000,4000
,Cairo Santos,2,1000,2000,3000,4000
,Chicago,DEF,1000,2000,3000,4000
CIN,,,1000,2000,3000,4000
,Joe Mixon,28,1000,2000,3000,4000
,Tee Higgins,85,1000,2000,3000,4000
,Ja'Marr Chase,1,1000,2000,3000,4000
,Tyler Boyd,83,1000,2000,3000,4000
,Joe Burrow,9,1000,2000,3000,4000
,Drew Sample,89,1000,2000,3000,4000
,C.J. Uzomah,87,1000,2000,3000,4000
,Thaddeus Moss,81,1000,2000,3000,4000
,Cheyenne O'Grady,82,1000,2000,3000,4000
,Dan Godsil,48,1000,2000,3000,4000
,Clark Harris,46,1000,2000,3000,4000
,Mitchell Wilcox,84,1000,2000,3000,4000
,Pro Wells,88,1000,2000,3000,4000
,Mason Schrek,86,1000,2000,3000,4000
,Samaje Perine,34,1000,2000,3000,4000
,Auden Tate,19,1000,2000,3000,4000
,Riley Lees,12,1000,2000,3000,4000
,Scotty Washington,14,1000,2000,3000,4000
,Reece Horn,0,1000,2000,3000,4000
,Trenton Irwin,16,1000,2000,3000,4000
,Chris Evans,25,1000,2000,3000,4000
,Jacques Patrick,31,1000,2000,3000,4000
,Pooka Williams Jr.,36,1000,2000,3000,4000
,Trayveon Williams,32,1000,2000,3000,4000
,Stanley Morgan,17,1000,2000,3000,4000
,Evan McPherson,2,1000,2000,3000,4000
,Austin Seibert,3,1000,2000,3000,4000
,Cincinnati,DEF,1000,2000,3000,4000
CLE,,,1000,2000,3000,4000
,Nick Chubb,24,1000,2000,3000,4000
,Kareem Hunt,27,1000,2000,3000,4000
,Odell Beckham Jr.,13,1000,2000,3000,4000
,Jarvis Landry,80,1000,2000,3000,4000
,Baker Mayfield,6,1000,2000,3000,4000
,Austin Hooper,81,1000,2000,3000,4000
,Rashard Higgins,82,1000,2000,3000,4000
,Donovan Peoples-Jones,11,1000,2000,3000,4000
,Harrison Bryant,88,1000,2000,3000,4000
,David Njoku,85,1000,2000,3000,4000
,Connor Davis,86,1000,2000,3000,4000
,Jordan Franks,87,1000,2000,3000,4000
,Ja'Marcus Bradley,84,1000,2000,3000,4000
,Alexander Hollins,83,1000,2000,3000,4000
,Derrick Willies,16,1000,2000,3000,4000
,Anthony Schwartz,10,1000,2000,3000,4000
,Demetric Felton,25,1000,2000,3000,4000
,Johnny Stanton,40,1000,2000,3000,4000
,John Kelly,49,1000,2000,3000,4000
,Tre Harbison,37,1000,2000,3000,4000
,Ryan Switzer,15,1000,2000,3000,4000
,KhaDarel Hodge,12,1000,2000,3000,4000
,JoJo Natson,19,1000,2000,3000,4000
,Stephen Carlson,89,1000,2000,3000,4000
,D'Ernest Johnson,30,1000,2000,3000,4000
,Cody Parkey,2,1000,2000,3000,4000
,Cleveland,DEF,1000,2000,3000,4000
DAL,,,1000,2000,3000,4000
,Ezekiel Elliot,21,1000,2000,3000,4000
,Amari Cooper,19,1000,2000,3000,4000
,CeeDee Lamb,88,1000,2000,3000,4000
,Dak Prescott,4,1000,2000,3000,4000
,Michael Gallup,13,1000,2000,3000,4000
,Tony Pollard,20,1000,2000,3000,4000
,Dalton Schultz,86,1000,2000,3000,4000
,Cedrick Wilson,1,1000,2000,3000,4000
,Noah Brown,85,1000,2000,3000,4000
,Garrett  Gilbert,3,1000,2000,3000,4000
,Ben DiNucci,7,1000,2000,3000,4000
,Rico Dowdle,34,1000,2000,3000,4000
,Blake Jarwin,89,1000,2000,3000,4000
,Jeremy Sprinkle,87,1000,2000,3000,4000
,Stephen Guidry,16,1000,2000,3000,4000
,Aaron Parker,18,1000,2000,3000,4000
,Sewo Olonilua,45,1000,2000,3000,4000
,Sean McKeon,84,1000,2000,3000,4000
,Simi Fehoko,81,1000,2000,3000,4000
,JaQuan Hardy,37,1000,2000,3000,4000
,Brennan Eagles,83,1000,2000,3000,4000
,T.J. Vasher,15,1000,2000,3000,4000
,Brandon Smith,80,1000,2000,3000,4000
,Osirus Mitchell,14,1000,2000,3000,4000
,Brenden Knox,36,1000,2000,3000,4000
,Greg Zuerlein,2,1000,2000,3000,4000
,Dallas,DEF,1000,2000,3000,4000
DEN,,,1000,2000,3000,4000
,Teddy Bridgewater,5,1000,2000,3000,4000
,Drew Lock,3,1000,2000,3000,4000
,Melvin Gordon III,25,1000,2000,3000,4000
,Tim Patrick,81,1000,2000,3000,4000
,Jerry Jeudy,10,1000,2000,3000,4000
,Noah Fant,87,1000,2000,3000,4000
,KJ Hamler,1,1000,2000,3000,4000
,DaeSean Hamilton,17,1000,2000,3000,4000
,Royce Freeman,28,1000,2000,3000,4000
,Albert Okwuegbunam,85,1000,2000,3000,4000
,Mike Boone,26,1000,2000,3000,4000
,Brett Rypien,4,1000,2000,3000,4000
,Diontae Spencer,11,1000,2000,3000,4000
,Courtland Sutton,14,1000,2000,3000,4000
,Tyrie Cleveland,16,1000,2000,3000,4000
,LeVante Bellamy,32,1000,2000,3000,4000
,Eric Saubert,82,1000,2000,3000,4000
,Case Cookus,0,1000,2000,3000,4000
,Javonte Williams,33,1000,2000,3000,4000
,Seth Williams,19,1000,2000,3000,4000
,Shaun Beyer,88,1000,2000,3000,4000
,DeVontres Dukes,84,1000,2000,3000,4000
,Warren Jackson,80,1000,2000,3000,4000
,Branden Mack,86,1000,2000,3000,4000
,Adam Prentice,43,1000,2000,3000,4000
,Brandon McManus,8,1000,2000,3000,4000
,Denver,DEF,1000,2000,3000,4000
DET,,,1000,2000,3000,4000
,Jared Goff,16,1000,2000,3000,4000
,D'Andre Swift,32,1000,2000,3000,4000
,Adrian Peterson,28,1000,2000,3000,4000
,T.J. Hockenson,88,1000,2000,3000,4000
,Jamaal Williams,30,1000,2000,3000,4000
,Breshad Perriman,19,1000,2000,3000,4000
,Danny Amendola,80,1000,2000,3000,4000
,Darren Fells,80,1000,2000,3000,4000
,Quintez Cephus,87,1000,2000,3000,4000
,Kalif Raymond,11,1000,2000,3000,4000
,Josh Hill,0,1000,2000,3000,4000
,Damion Ratley,17,1000,2000,3000,4000
,Hunter Bryant,86,1000,2000,3000,4000
,David Blough,10,1000,2000,3000,4000
,Jason Cabinda,45,1000,2000,3000,4000
,Tyrell Williams,6,1000,2000,3000,4000
,Charlie Taumoepeau,43,1000,2000,3000,4000
,Hunter Thedford,49,1000,2000,3000,4000
,Amon-Ra St. Brown,14,1000,2000,3000,4000
,Jermar Jefferson,28,1000,2000,3000,4000
,Jonathan Adams Jr.,82,1000,2000,3000,4000
,Rakeem Boyd,35,1000,2000,3000,4000
,Jake Hausmann,40,1000,2000,3000,4000
,Javon McKinley,83,1000,2000,3000,4000
,Dedrick Mills,36,1000,2000,3000,4000
,Randy Bullock,4,1000,2000,3000,4000
,Detroit,DEF,1000,2000,3000,4000
GB,,,1000,2000,3000,4000
,Aaron Rodgers,12,1000,2000,3000,4000
,Davante Adams,17,1000,2000,3000,4000
,Aaron Jones,33,1000,2000,3000,4000
,Robert Tonyan,85,1000,2000,3000,4000
,Marquez Valdes-Scantling,83,1000,2000,3000,4000
,Allen Lazard,13,1000,2000,3000,4000
,Randall Cobb,18,1000,2000,3000,4000
,AJ Dillon,28,1000,2000,3000,4000
,Marcedes Lewis,89,1000,2000,3000,4000
,Equanimeous St. Brown,19,1000,2000,3000,4000
,Jace Sternberger,87,1000,2000,3000,4000
,Malik Taylor,86,1000,2000,3000,4000
,Dominique Dafney,49,1000,2000,3000,4000
,Josiah Deguara,81,1000,2000,3000,4000
,Dexter Williams,22,1000,2000,3000,4000
,Issac Nauta,82,1000,2000,3000,4000
,Patrick Taylor,27,1000,2000,3000,4000
,Chris Blair,16,1000,2000,3000,4000
,Bronson Kaufusi,45,1000,2000,3000,4000
,Amari Rodgers,8,1000,2000,3000,4000
,Kylin Hill,32,1000,2000,3000,4000
,Bailey Gaither,80,1000,2000,3000,4000
,Kurt Benkert,7,1000,2000,3000,4000
,Blake Bortles,9,1000,2000,3000,4000
,Juwann Winfree,88,1000,2000,3000,4000
,Mason Crosby,2,1000,2000,3000,4000
,Green Bay,DEF,1000,2000,3000,4000
HOU,,,1000,2000,3000,4000
,Deshaun Watson,4,1000,2000,3000,4000
,Brandin Cooks,13,1000,2000,3000,4000
,David Johnson,31,1000,2000,3000,4000
,Rex Burkhead,28,1000,2000,3000,4000
,Anthony Miller,0,1000,2000,3000,4000
,Phillip Lindsay,30,1000,2000,3000,4000
,Chris Conley,17,1000,2000,3000,4000
,Duke Johnson,25,1000,2000,3000,4000
,Keke Coutee,16,1000,2000,3000,4000
,Mark Ingram II,2,1000,2000,3000,4000
,Jordan Akins,88,1000,2000,3000,4000
,Jeff Driskel,6,1000,2000,3000,4000
,Pharaoh Brown,85,1000,2000,3000,4000
,Ryan Finley,0,1000,2000,3000,4000
,Ryan Izzo,81,1000,2000,3000,4000
,Alex Erickson,14,1000,2000,3000,4000
,Tyrod Taylor,5,1000,2000,3000,4000
,Buddy Howell,8,1000,2000,3000,4000
,Dontrel Hilliard,22,1000,2000,3000,4000
,Kahale Warring,87,1000,2000,3000,4000
,Donte Moncrief,12,1000,2000,3000,4000
,Scottie Phillips,27,1000,2000,3000,4000
,Isaiah Coulter,82,1000,2000,3000,4000
,Paul Quessenberry,45,1000,2000,3000,4000
,Chris Moore,15,1000,2000,3000,4000
,Ka'imi Fairbairn,7,1000,2000,3000,4000
,Houston,DEF,1000,2000,3000,4000
IND,,,1000,2000,3000,4000
,Jonathan Taylor,28,1000,2000,3000,4000
,Carson Wentz,2,1000,2000,3000,4000
,Nyheim Hines,21,1000,2000,3000,4000
,T.Y. Hilton,13,1000,2000,3000,4000
,Zach Pascal,14,1000,2000,3000,4000
,Michael Pittman Jr.,11,1000,2000,3000,4000
,Mo Alie-Cox,81,1000,2000,3000,4000
,Jordan Wilkins,20,1000,2000,3000,4000
,Jack Doyle,84,1000,2000,3000,4000
,DeMichael Harris,12,1000,2000,3000,4000
,Parris Campbell,1,1000,2000,3000,4000
,Ashton Dulin,16,1000,2000,3000,4000
,Jordan Thomas,47,1000,2000,3000,4000
,Marlon Mack,25,1000,2000,3000,4000
,Jacob Eason,9,1000,2000,3000,4000
,Dezmon Patmon,10,1000,2000,3000,4000
,Noah Togiai,86,1000,2000,3000,4000
,Quartney Davis,5,1000,2000,3000,4000
,Darius Anderson,40,1000,2000,3000,4000
,Farrod Green,41,1000,2000,3000,4000
,Jalen Morton,6,1000,2000,3000,4000
,Benny LeMay,42,1000,2000,3000,4000
,Paul Perkins,39,1000,2000,3000,4000
,Kylen Granson,83,1000,2000,3000,4000
,Sam Ehlinger,4,1000,2000,3000,4000
,Rodrigo Blankenship,3,1000,2000,3000,4000
,Indianapolis,DEF,1000,2000,3000,4000
JAX,,,1000,2000,3000,4000
,James Robinson,30,1000,2000,3000,4000
,Gardner Minshew II,15,1000,2000,3000,4000
,Marvin Jones Jr.,11,1000,2000,3000,4000
,DJ Clark Jr.,17,1000,2000,3000,4000
,Laviska Shenault Jr.,10,1000,2000,3000,4000
,Carlos Hyde,24,1000,2000,3000,4000
,C.J. Beathard,3,1000,2000,3000,4000
,Tyler Eifert,88,1000,2000,3000,4000
,Collin Johnson,19,1000,2000,3000,4000
,Jake Luton,6,1000,2000,3000,4000
,James O'Shaughnessy,80,1000,2000,3000,4000
,Chris Thompson,34,1000,2000,3000,4000
,Dave Ogunbowale,33,1000,2000,3000,4000
,Jamal Agnew,39,1000,2000,3000,4000
,Chris Manhertz,84,1000,2000,3000,4000
,Devine Ozigbo,22,1000,2000,3000,4000
,Terry Godwin,14,1000,2000,3000,4000
,Ben Ellefson,86,1000,2000,3000,4000
,Tyler Davis,87,1000,2000,3000,4000
,Nathan Cottrell,31,1000,2000,3000,4000
,Josh Hammond,81,1000,2000,3000,4000
,Trevor Lawrence,16,1000,2000,3000,4000
,Travis Etienne,1,1000,2000,3000,4000
,Luke Farrell,89,1000,2000,3000,4000
,Jalen Camp,12,1000,2000,3000,4000
,Aldrick Rosas,7,1000,2000,3000,4000
,Josh Lambo,4,1000,2000,3000,4000
,Jacksonville,DEF,1000,2000,3000,4000
KC,,,1000,2000,3000,4000
,Patrick Mahomes,15,1000,2000,3000,4000
,Tyreek Hill,10,1000,2000,3000,4000
,Travis Kelce,87,1000,2000,3000,4000
,Clyde Edwards-Helaire,25,1000,2000,3000,4000
,Jerick McKinnon,1,1000,2000,3000,4000
,Mecole Hardman,17,1000,2000,3000,4000
,Demarcus Robinson,11,1000,2000,3000,4000
,Le'Veon Bell,26,1000,2000,3000,4000
,Darrel Williams,31,1000,2000,3000,4000
,Byron Pringle,13,1000,2000,3000,4000
,Darwin Thompson,34,1000,2000,3000,4000
,Chad Henne,4,1000,2000,3000,4000
,Blake Bell,81,1000,2000,3000,4000
,Michael Burton,45,1000,2000,3000,4000
,Nick Keizer,48,1000,2000,3000,4000
,Daurice Fountain,82,1000,2000,3000,4000
,Antonio Callaway,19,1000,2000,3000,4000
,Marcus Kemp,85,1000,2000,3000,4000
,Gehrig Dieter,12,1000,2000,3000,4000
,Maurice Ffrench,89,1000,2000,3000,4000
,Dalton Schoen,2,1000,2000,3000,4000
,Chris Finke,9,1000,2000,3000,4000
,Anthony Gordon,8,1000,2000,3000,4000
,Noah Gray,83,1000,2000,3000,4000
,Cornell Powell,14,1000,2000,3000,4000
,Harrison Butker,7,1000,2000,3000,4000
,Kansas City,DEF,1000,2000,3000,4000
LAC,,,1000,2000,3000,4000
,Justin Herbert,10,1000,2000,3000,4000
,Keenan Allen,13,1000,2000,3000,4000
,Austin Ekeler,30,1000,2000,3000,4000
,Mike Williams,81,1000,2000,3000,4000
,Jared Cook,87,1000,2000,3000,4000
,Jalen Guyton,15,1000,2000,3000,4000
,Tyron Johnson,83,1000,2000,3000,4000
,Joshua Kelley,27,1000,2000,3000,4000
,Justin Jackson,22,1000,2000,3000,4000
,Donald Parham Jr.,89,1000,2000,3000,4000
,Gabe Nabers,40,1000,2000,3000,4000
,Chase Daniel,7,1000,2000,3000,4000
,Stephen Anderson,82,1000,2000,3000,4000
,Joe Reed,12,1000,2000,3000,4000
,K.J. Hill,84,1000,2000,3000,4000
,Darius Bradwell,34,1000,2000,3000,4000
,John Hurst,80,1000,2000,3000,4000
,Josh Palmer,5,1000,2000,3000,4000
,Tre' McKitty,88,1000,2000,3000,4000
,Larry Rountree III,35,1000,2000,3000,4000
,Hunter Kampmoyer,47,1000,2000,3000,4000
,Eli Stove,0,1000,2000,3000,4000
,Austin Proehl,86,1000,2000,3000,4000
,Jason Moore,11,1000,2000,3000,4000
,Matt Sokol,48,1000,2000,3000,4000
,Michael Badgley,4,1000,2000,3000,4000
,Los Angeles (Chargers),DEF,1000,2000,3000,4000
LAR,,,1000,2000,3000,4000
,Matthew Stafford,9,1000,2000,3000,4000
,Robert Woods,2,1000,2000,3000,4000
,Cooper Kupp,10,1000,2000,3000,4000
,Darrell Henderson,27,1000,2000,3000,4000
,Cam Akers,23,1000,2000,3000,4000
,Tyler Higbee,89,1000,2000,3000,4000
,DeSean Jackson,1,1000,2000,3000,4000
,Van Jefferson Jr.,12,1000,2000,3000,4000
,John Wolford,13,1000,2000,3000,4000
,Johnny Mundt,82,1000,2000,3000,4000
,Brycen Hopkins,88,1000,2000,3000,4000
,Raymond Calais,30,1000,2000,3000,4000
,Kyle Markway,0,1000,2000,3000,4000
,Trishton Jackson,83,1000,2000,3000,4000
,J.J. Koski,17,1000,2000,3000,4000
,Bryce Perkins,5,1000,2000,3000,4000
,Xavier Jones,25,1000,2000,3000,4000
,Tutu Atwell,15,1000,2000,3000,4000
,Jacob Harris,87,1000,2000,3000,4000
,Jake Funk,34,1000,2000,3000,4000
,Ben Skowronek,81,1000,2000,3000,4000
,Landen Akers,84,1000,2000,3000,4000
,Jeremiah Haydel,18,1000,2000,3000,4000
,Kendall Blanton,86,1000,2000,3000,4000
,Devlin Hodges,19,1000,2000,3000,4000
,Matt Gay,8,1000,2000,3000,4000
,Los Angeles (Rams),DEF,1000,2000,3000,4000
LV,,,1000,2000,3000,4000
,Derek Carr,4,1000,2000,3000,4000
,Josh Jacobs,28,1000,2000,3000,4000
,Darren Waller,83,1000,2000,3000,4000
,Kenyan Drake,23,1000,2000,3000,4000
,Hunter Renfrow,13,1000,2000,3000,4000
,John Brown,15,1000,2000,3000,4000
,Willie Snead IV,17,1000,2000,3000,4000
,Henry Ruggs III,11,1000,2000,3000,4000
,Jalen Richard,30,1000,2000,3000,4000
,Foster Moreau,87,1000,2000,3000,4000
,Marcus Mariota,8,1000,2000,3000,4000
,Bryan Edwards,89,1000,2000,3000,4000
,Zay Jones,7,1000,2000,3000,4000
,Alec Ingold,45,1000,2000,3000,4000
,Theo Riddick,35,1000,2000,3000,4000
,Nathan Peterman,3,1000,2000,3000,4000
,Derek Carrier,85,1000,2000,3000,4000
,Nick Bowers,82,1000,2000,3000,4000
,Carson Williams,86,1000,2000,3000,4000
,Matt Bushman,84,1000,2000,3000,4000
,Garret Groshek,46,1000,2000,3000,4000
,Trey Ragas,36,1000,2000,3000,4000
,Dillon Stoner,16,1000,2000,3000,4000
,DJ Turner,19,1000,2000,3000,4000
,BJ Emmons,0,1000,2000,3000,4000
,Daniel Carlson,2,1000,2000,3000,4000
,Las Vegas,DEF,1000,2000,3000,4000
MIA,,,1000,2000,3000,4000
,Will Fuller V,3,1000,2000,3000,4000
,Tua Tagovailoa,1,1000,2000,3000,4000
,Myles Gaskin,37,1000,2000,3000,4000
,Mike Gesicki,88,1000,2000,3000,4000
,DeVante Parker,11,1000,2000,3000,4000
,Malcom Brown,34,1000,2000,3000,4000
,Salvon Ahmed,26,1000,2000,3000,4000
,Preston Williams,18,1000,2000,3000,4000
,Jakeen Grant,19,1000,2000,3000,4000
,Adam Shaheen,80,1000,2000,3000,4000
,Durham Smythe,81,1000,2000,3000,4000
,Lynn Bowden Jr.,6,1000,2000,3000,4000
,Mack Hollins,86,1000,2000,3000,4000
,Jacoby Brissett,14,1000,2000,3000,4000
,Malcom Perry,10,1000,2000,3000,4000
,Patrick Laird,32,1000,2000,3000,4000
,Cethan Carter,82,1000,2000,3000,4000
,Robert Foster,16,1000,2000,3000,4000
,Kirk Merritt,83,1000,2000,3000,4000
,Reid Sinnett,4,1000,2000,3000,4000
,Kai Locksley,87,1000,2000,3000,4000
,Jaylen Waddle,17,1000,2000,3000,4000
,Hunter Long,84,1000,2000,3000,4000
,Gerrid Doaks,23,1000,2000,3000,4000
,Jibri Blount,89,1000,2000,3000,4000
,Jason Sanders,7,1000,2000,3000,4000
,Miami,DEF,1000,2000,3000,4000
MIN,,,1000,2000,3000,4000
,Kirk Cousins,8,1000,2000,3000,4000
,Dalvin Cook,33,1000,2000,3000,4000
,Justin Jefferson,18,1000,2000,3000,4000
,Adam Thielen,19,1000,2000,3000,4000
,Alexander Mattison,25,1000,2000,3000,4000
,Irv Smith Jr.,84,1000,2000,3000,4000
,Chad Beebe,12,1000,2000,3000,4000
,Tyler Conklin,83,1000,2000,3000,4000
,Ameer Abdullah,31,1000,2000,3000,4000
,Olabisi Johnson,81,1000,2000,3000,4000
,C.J. Ham,30,1000,2000,3000,4000
,Brandon Dillon,86,1000,2000,3000,4000
,K.J. Osborn,17,1000,2000,3000,4000
,Nate Stanley,14,1000,2000,3000,4000
,Jake Bargas,34,1000,2000,3000,4000
,Dan Chisena,85,1000,2000,3000,4000
,Case Cookus,0,1000,2000,3000,4000
,Kellen Mond,11,1000,2000,3000,4000
,Kene Nwangwu,26,1000,2000,3000,4000
,Ihmir Smith-Marsette,15,1000,2000,3000,4000
,Zach Davidson,40,1000,2000,3000,4000
,Myron Mitchell,87,1000,2000,3000,4000
,Whop Philyor,16,1000,2000,3000,4000
,Blake Proehl,13,1000,2000,3000,4000
,A.J. Rose Jr.,36,1000,2000,3000,4000
,Dan Bailey,0,1000,2000,3000,4000
,Minnesota,DEF,1000,2000,3000,4000
NYG,,,1000,2000,3000,4000
,Daniel Jones,8,1000,2000,3000,4000
,Sterling Shepard,3,1000,2000,3000,4000
,Darius Slayton,86,1000,2000,3000,4000
,Even Engram,88,1000,2000,3000,4000
,Devontae Booker,28,1000,2000,3000,4000
,Mike Glennon,2,1000,2000,3000,4000
,Golden Tate,15,1000,2000,3000,4000
,Kenny Golladay,19,1000,2000,3000,4000
,Kyle Rudolph,80,1000,2000,3000,4000
,Corey Clement,30,1000,2000,3000,4000
,Dante Pettis,13,1000,2000,3000,4000
,Kaden Smith,82,1000,2000,3000,4000
,C.J. Board,18,1000,2000,3000,4000
,Saquon Barkley,26,1000,2000,3000,4000
,Austin Mack,81,1000,2000,3000,4000
,Levine Toilolo,85,1000,2000,3000,4000
,Eli Penny,39,1000,2000,3000,4000
,John Ross III,12,1000,2000,3000,4000
,Cullen Gillaspia,36,1000,2000,3000,4000
,Nakia Griffin-Stewart,47,1000,2000,3000,4000
,Derrick Dillon,6,1000,2000,3000,4000
,Rysen John,44,1000,2000,3000,4000
,Sandro Platzgummer,34,1000,2000,3000,4000
,Nate Wieting,83,1000,2000,3000,4000
,Kadarius Toney,89,1000,2000,3000,4000
,Graham Gano,5,1000,2000,3000,4000
,New York (Giants),DEF,1000,2000,3000,4000
NYJ,,,1000,2000,3000,4000
,Corey Davis,84,1000,2000,3000,4000
,Jamison Crowder,82,1000,2000,3000,4000
,Keelan Cole Sr.,88,1000,2000,3000,4000
,Braxton Berrios,10,1000,2000,3000,4000
,Ty Johnson,25,1000,2000,3000,4000
,Chris Herndon,89,1000,2000,3000,4000
,La'Mical Perine,22,1000,2000,3000,4000
,Denzel Mims,11,1000,2000,3000,4000
,Josh Adams,36,1000,2000,3000,4000
,Tyler Kroft,81,1000,2000,3000,4000
,Jeff Smith,16,1000,2000,3000,4000
,Tevin Coleman,23,1000,2000,3000,4000
,Ryan Griffin,86,1000,2000,3000,4000
,Lawrence Cager,15,1000,2000,3000,4000
,Daniel Brown,87,1000,2000,3000,4000
,Austin Walter,35,1000,2000,3000,4000
,Josh Malone,83,1000,2000,3000,4000
,Jaleel Scott,1,1000,2000,3000,4000
,Vyncint Smith,17,1000,2000,3000,4000
,Trevon Wesco,85,1000,2000,3000,4000
,James Morgan,4,1000,2000,3000,4000
,Manasseh Bailey,3,1000,2000,3000,4000
,Matt Cole,19,1000,2000,3000,4000
,Josh Doctson,18,1000,2000,3000,4000
,Pete Guerriero,35,1000,2000,3000,4000
,Chris Naggar,1,1000,2000,3000,4000
,New York (Jets),DEF,1000,2000,3000,4000
NE,,,1000,2000,3000,4000
,Cam Newton,1,1000,2000,3000,4000
,Nelson Agholor,13,1000,2000,3000,4000
,Jonnu Smith,81,1000,2000,3000,4000
,Damien Harris,37,1000,2000,3000,4000
,Hunter Henry,85,1000,2000,3000,4000
,Jakobi Meyers,16,1000,2000,3000,4000
,Kendrick Bourne,84,1000,2000,3000,4000
,Sony Michel,26,1000,2000,3000,4000
,James White,28,1000,2000,3000,4000
,N'Keal Harry,15,1000,2000,3000,4000
,Gunner Olszewski,80,1000,2000,3000,4000
,Jarrett Stidham,4,1000,2000,3000,4000
,J.J. Taylor,42,1000,2000,3000,4000
,Devin Asiasi,86,1000,2000,3000,4000
,Jakob Johnson,47,1000,2000,3000,4000
,Isaiah Zuber,19,1000,2000,3000,4000
,Brian HOyer,5,1000,2000,3000,4000
,Dalton Keene,44,1000,2000,3000,4000
,Matt LaCosse,83,1000,2000,3000,4000
,Rashod Berry,43,1000,2000,3000,4000
,Kristian Wilkerson,17,1000,2000,3000,4000
,Mac Jones,0,1000,2000,3000,4000
,Matthew Slater,18,1000,2000,3000,4000
,Rhamondre Stevenson,0,1000,2000,3000,4000
,Danny Vitale,45,1000,2000,3000,4000
,Nick Folk,6,1000,2000,3000,4000
,New England,DEF,1000,2000,3000,4000
NO,,,1000,2000,3000,4000
,Alvin Kamara,41,1000,2000,3000,4000
,Taysom Hill,7,1000,2000,3000,4000
,Latavius Murray,28,1000,2000,3000,4000
,Tre'Quan Smith,10,1000,2000,3000,4000
,Michael Thomas,13,1000,2000,3000,4000
,Deonte Harris,11,1000,2000,3000,4000
,Adam Trautman,82,1000,2000,3000,4000
,Marquez Callaway,12,1000,2000,3000,4000
,Nick Vannett,81,1000,2000,3000,4000
,Ty Montgomery,88,1000,2000,3000,4000
,Lil'Jordan Humphrey,84,1000,2000,3000,4000
,Juwan Johnson,83,1000,2000,3000,4000
,Alex Armah,40,1000,2000,3000,4000
,Jameis Winston,2,1000,2000,3000,4000
,Dwayne Washington,24,1000,2000,3000,4000
,Tony Jones Jr.,37,1000,2000,3000,4000
,Jalen McCleskey,17,1000,2000,3000,4000
,Easop Winston,18,1000,2000,3000,4000
,Ian Book,16,1000,2000,3000,4000
,Kawaan Baker,14,1000,2000,3000,4000
,Stevie Scott III,34,1000,2000,3000,4000
,Dylan Soehner,89,1000,2000,3000,4000
,Jake Lampman,19,1000,2000,3000,4000
,Zach Wood,49,1000,2000,3000,4000
,Garrett Griffin,45,1000,2000,3000,4000
,Wil Lutz,3,1000,2000,3000,4000
,New Orleans,DEF,1000,2000,3000,4000
PHI,,,1000,2000,3000,4000
,Miles Sanders,26,1000,2000,3000,4000
,Jalen Hurts,1,1000,2000,3000,4000
,Greg Ward,84,1000,2000,3000,4000
,Travis Fulgham,13,1000,2000,3000,4000
,Boston Scott,35,1000,2000,3000,4000
,Dallas Goedert,88,1000,2000,3000,4000
,Jalen Reagor,18,1000,2000,3000,4000
,Joe Flacco,7,1000,2000,3000,4000
,Kerryon Johnson,34,1000,2000,3000,4000
,Zach Ertz,86,1000,2000,3000,4000
,Jordan Howard,24,1000,2000,3000,4000
,John Hightower,82,1000,2000,3000,4000
,Alshon Jeffery,17,1000,2000,3000,4000
,Quez Watkins,16,1000,2000,3000,4000
,JJ Arcega-Whiteside,19,1000,2000,3000,4000
,Jason Croom,81,1000,2000,3000,4000
,Jason Huntley,32,1000,2000,3000,4000
,Kahllil Tate,6,1000,2000,3000,4000
,DeVonta Smith,6,1000,2000,3000,4000
,Kenneth Gainwell,14,1000,2000,3000,4000
,Jhamon Ausbon,48,1000,2000,3000,4000
,Trevon Grimes,47,1000,2000,3000,4000
,Jamie Newman,10,1000,2000,3000,4000
,Jack Stoll,85,1000,2000,3000,4000
,Hakeem Butler,89,1000,2000,3000,4000
,Jake Elliott,4,1000,2000,3000,4000
,Philadelphia,DEF,1000,2000,3000,4000
PIT,,,1000,2000,3000,4000
,Ben Roethlisberger,7,1000,2000,3000,4000
,Chase Claypool,11,1000,2000,3000,4000
,JuJu Smith-Schuster,19,1000,2000,3000,4000
,Diontae Johnson,18,1000,2000,3000,4000
,Eric Ebron,85,1000,2000,3000,4000
,James Washington,13,1000,2000,3000,4000
,Dwayne Haskins Jr.,3,1000,2000,3000,4000
,Kalen Ballage,35,1000,2000,3000,4000
,Benny Snell Jr.,24,1000,2000,3000,4000
,Mason Rudolph,2,1000,2000,3000,4000
,Anthony McFarland Jr.,26,1000,2000,3000,4000
,Ray-Ray McCloud III,14,1000,2000,3000,4000
,Jaylen Samuels,38,1000,2000,3000,4000
,Josh Dobbs,5,1000,2000,3000,4000
,Marcus Baugh,0,1000,2000,3000,4000
,Cody White,15,1000,2000,3000,4000
,Tyler Simmons,82,1000,2000,3000,4000
,Mathew Sexton,80,1000,2000,3000,4000
,Najee Harris,22,1000,2000,3000,4000
,Pat Freiermuth,88,1000,2000,3000,4000
,Derek Watt,44,1000,2000,3000,4000
,Rico Bussey,84,1000,2000,3000,4000
,Isaiah McKoy,17,1000,2000,3000,4000
,Trey Edmunds,33,1000,2000,3000,4000
,Kevin Rader,87,1000,2000,3000,4000
,Chris Boswell,9,1000,2000,3000,4000
,Pittsburgh,DEF,1000,2000,3000,4000
SF,,,1000,2000,3000,4000
,Jeff Wilson Jr.,30,1000,2000,3000,4000
,Brandon Aiyuk,11,1000,2000,3000,4000
,Wayne Gallman Jr.,22,1000,2000,3000,4000
,Raheem Mostert,31,1000,2000,3000,4000
,George Kittle,85,1000,2000,3000,4000
,Jimmy Garoppolo,10,1000,2000,3000,4000
,Kyle Juszczyk,44,1000,2000,3000,4000
,Deebo Samuel,19,1000,2000,3000,4000
,Richie James,13,1000,2000,3000,4000
,Ross Dwelley,82,1000,2000,3000,4000
,Mohamed Sanu,18,1000,2000,3000,4000
,JaMycal Hasty,23,1000,2000,3000,4000
,Trent Sherfield,81,1000,2000,3000,4000
,River Cracraft,86,1000,2000,3000,4000
,Charlie Woerner,89,1000,2000,3000,4000
,Bennie Fowler III,16,1000,2000,3000,4000
,Jauan Jennings,15,1000,2000,3000,4000
,Josh Hokit,40,1000,2000,3000,4000
,Trey Lance,5,1000,2000,3000,4000
,Trey Sermon,28,1000,2000,3000,4000
,Josh Johnson,1,1000,2000,3000,4000
,Eli Mitchell,49,1000,2000,3000,4000
,Josh Pederson,83,1000,2000,3000,4000
,Austin Watkins Jr.,7,1000,2000,3000,4000
,Travis Benjamin,17,1000,2000,3000,4000
,Robbie Gould,9,1000,2000,3000,4000
,San Francisco,DEF,1000,2000,3000,4000
SEA,,,1000,2000,3000,4000
,Russell Wilson,3,1000,2000,3000,4000
,DK Metcalf,14,1000,2000,3000,4000
,Tyler Lockett,16,1000,2000,3000,4000
,Chris Carson,32,1000,2000,3000,4000
,Gerald Everett,81,1000,2000,3000,4000
,DeeJay Dallas,31,1000,2000,3000,4000
,Will Dissly,89,1000,2000,3000,4000
,Freddie Swain,18,1000,2000,3000,4000
,Travis Homer,25,1000,2000,3000,4000
,Alex Collins,41,1000,2000,3000,4000
,Rashaad Penny,20,1000,2000,3000,4000
,Penny Hart,19,1000,2000,3000,4000
,Colby Parkinson,84,1000,2000,3000,4000
,Nick Bellore,44,1000,2000,3000,4000
,Geno Smith,7,1000,2000,3000,4000
,Aaron Fuller,17,1000,2000,3000,4000
,Tyler Mabry,85,1000,2000,3000,4000
,Darece Roberson Jr.,0,1000,2000,3000,4000
,D'Wayne Eskridge,1,1000,2000,3000,4000
,Cade Johnson,88,1000,2000,3000,4000
,Josh Johnson,34,1000,2000,3000,4000
,Tamorrion Terry,83,1000,2000,3000,4000
,Connor Wedington,87,1000,2000,3000,4000
,Alex McGough,10,1000,2000,3000,4000
,Darvin Kidsy,13,1000,2000,3000,4000
,Jason Myers,5,1000,2000,3000,4000
,Seattle,DEF,1000,2000,3000,4000
TB,,,1000,2000,3000,4000
,Tom Brady,12,1000,2000,3000,4000
,Mike Evans,13,1000,2000,3000,4000
,Ronald Jones II,27,1000,2000,3000,4000
,Chris Godwin,14,1000,2000,3000,4000
,Giovani Bernard,25,1000,2000,3000,4000
,Rob Gronkowski,87,1000,2000,3000,4000
,Leonard Fournette,7,1000,2000,3000,4000
,Antonio Brown,81,1000,2000,3000,4000
,Scotty Miller,10,1000,2000,3000,4000
,Cameron Brate,84,1000,2000,3000,4000
,Tyler Johnson,18,1000,2000,3000,4000
,O.J. Howard,80,1000,2000,3000,4000
,Ke'Shawn Vaughn,21,1000,2000,3000,4000
,Blaine Gabbert,11,1000,2000,3000,4000
,Troymaine Pope,46,1000,2000,3000,4000
,Justin Watson,17,1000,2000,3000,4000
,C.J. Prosise,30,1000,2000,3000,4000
,Jaydon Mickens,85,1000,2000,3000,4000
,Tanner Hudson,88,1000,2000,3000,4000
,Travis Jonsen,16,1000,2000,3000,4000
,Josh Pearson,89,1000,2000,3000,4000
,Kyle Trask,2,1000,2000,3000,4000
,Jerell Adams,82,1000,2000,3000,4000
,Jaelon Darden,1,1000,2000,3000,4000
,T.J. Simmons Jr.,83,1000,2000,3000,4000
,Ryan Succop,3,1000,2000,3000,4000
,Tampa Bay,DEF,1000,2000,3000,4000
TEN,,,1000,2000,3000,4000
,Ryan Tannehill,17,1000,2000,3000,4000
,Derrick Henry,22,1000,2000,3000,4000
,A.J. Brown,11,1000,2000,3000,4000
,Julio Jones,2,1000,2000,3000,4000
,Josh Reynolds,18,1000,2000,3000,4000
,Bryan Hill,25,1000,2000,3000,4000
,Anthony Firkser,86,1000,2000,3000,4000
,Jeremy McNichols,28,1000,2000,3000,4000
,Marcus Johnson,88,1000,2000,3000,4000
,Cameron Batson,13,1000,2000,3000,4000
,Geoff Swaim,87,1000,2000,3000,4000
,Darrynton Evans,32,1000,2000,3000,4000
,Nick Westbrook-Ikhine,15,1000,2000,3000,4000
,Khari Blasingame,41,1000,2000,3000,4000
,Logan Woodside,5,1000,2000,3000,4000
,Cody Hollister,16,1000,2000,3000,4000
,Kalija Lipscomb,13,1000,2000,3000,4000
,Jared Pinkney,84,1000,2000,3000,4000
,Tommy Hudson,89,1000,2000,3000,4000
,Mason Kinsey,12,1000,2000,3000,4000
,Dez Fitzpatrick,10,1000,2000,3000,4000
,Racey McMath,81,1000,2000,3000,4000
,Chester Rogers,80,1000,2000,3000,4000
,Tory Carter,40,1000,2000,3000,4000
,Miller Forristall,42,1000,2000,3000,4000
,Stephen Gostkowski,3,1000,2000,3000,4000
,Sam Ficken,0,1000,2000,3000,4000
,Tennessee,DEF,1000,2000,3000,4000
WAS,,,1000,2000,3000,4000
,Antonio Gibson,24,1000,2000,3000,4000
,Ryan Fitzpatrick,14,1000,2000,3000,4000
,Terry McLaurin,17,1000,2000,3000,4000
,Curtis Samuel,10,1000,2000,3000,4000
,J.D. McKissic,41,1000,2000,3000,4000
,Logan Thomas,82,1000,2000,3000,4000
,Cam Sims,89,1000,2000,3000,4000
,Peyton Barber,25,1000,2000,3000,4000
,Kyle Allen,8,1000,2000,3000,4000
,Adam Humphries,19,1000,2000,3000,4000
,Steven Sims Jr.,15,1000,2000,3000,4000
,Isaiah Wright,83,1000,2000,3000,4000
,Taylor Heinicke,4,1000,2000,3000,4000
,Deon Yelder,85,1000,2000,3000,4000
,Antonio Gandy-Golden,11,1000,2000,3000,4000
,Temarrick Hemingway,88,1000,2000,3000,4000
,Jonathan Williams,38,1000,2000,3000,4000
,Lamar Miller,36,1000,2000,3000,4000
,Steven Montez,6,1000,2000,3000,4000
,Tony Brown,12,1000,2000,3000,4000
,Sammis Reyes,80,1000,2000,3000,4000
,Dyami Brown,2,1000,2000,3000,4000
,Trevor Davis,14,1000,2000,3000,4000
,John Bates,87,1000,2000,3000,4000
,Dax Milne,84,1000,2000,3000,4000
,Dustin Hopkins,3,1000,2000,3000,4000
,Washington,DEF,1000,2000,3000,4000